measurement,t,T_2
0,3.28378e-3,0.166
1,3.28522e-3,0.166
2,3.28522e-3,0.165
3,3.27688e-3,0.165
4,3.26861e-3,0.165
5,3.25162e-3,0.380
6,3.27038e-3,0.379
7,3.26101e-3,0.379
8,3.25607e-3,0.377
9,3.26871e-3,3.80