measurement,t,T_2
0,3.28378e-3,0.166
1,3.28522e-3,0.166
2,3.28522e-3,0.165
3,3.27688e-3,0.165
4,3.26861e-3,0.165