measurement,t,T_2
5,3.25162e-3,0.380
6,3.27038e-3,0.379
7,3.26101e-3,0.379
8,3.25607e-3,0.377
9,3.26871e-3,0.380