gas1,gas2,p,f,s
luft,luft,1,600,0.28575
luft,luft,1,800,0.216
luft,luft,1,1000,0.17225
luft,luft,1,1200,0.14375
luft,luft,1,1400,0.12375
luft,luft,1,1700,0.102
helium,helium,1,1700,0.269
helium,helium,1,2100,0.22475
helium,helium,1,2500,0.1875
helium,helium,1,2900,0.162
helium,helium,1,3400,0.138
helium,helium,1,3700,0.126
sf6,sf6,1,300,0.225
sf6,sf6,1,400,0.169
sf6,sf6,1,500,0.1355
sf6,sf6,1,600,0.113